{
    "uvs":[],
    "normals":[-0.815292,0.452458,-0.36136,-0.502982,0.495702,-0.708018,-0.79622,-0.18869,-0.57483,-0.457587,-0.116137,-0.881548,-0.124266,-0.094244,-0.987763,-0.131265,0.468512,-0.873651,-0.991747,0.128208,-0.00085,0.025147,-0.999258,0.029169,1,0,0,-0.034783,0.990644,0.131962,-0.098999,0.10808,0.989201,-0.043213,0.290579,-0.955875,0.815292,0.452458,-0.36136,0.502982,0.495702,-0.708018,0.79622,-0.18869,-0.57483,0.457587,-0.116137,-0.881548,0.124266,-0.094244,-0.987763,0.131265,0.468512,-0.873651,0.991747,0.128208,-0.00085,-0.025147,-0.999258,0.029169,-1,-0,-0,0.034783,0.990644,0.131962,0.098999,0.10808,0.989201,0.043213,0.290579,-0.955875],
    "name":"simplepgGeometry.5",
    "faces":[33,0,1,4,3,0,0,0,0,33,1,2,5,4,1,1,1,1,33,3,4,7,6,2,2,2,2,33,4,5,8,7,3,3,3,3,33,5,27,28,8,4,4,4,4,33,2,26,27,5,5,5,5,5,33,10,12,11,9,6,6,6,6,33,12,16,15,11,7,7,7,7,33,16,14,13,15,8,8,8,8,33,14,10,9,13,9,9,9,9,33,9,11,15,13,10,10,10,10,33,14,16,12,10,11,11,11,11,33,17,20,21,18,12,12,12,12,33,18,21,22,19,13,13,13,13,33,20,23,24,21,14,14,14,14,33,21,24,25,22,15,15,15,15,33,22,25,28,27,16,16,16,16,33,19,22,27,26,17,17,17,17,33,30,29,31,32,18,18,18,18,33,32,31,35,36,19,19,19,19,33,36,35,33,34,20,20,20,20,33,34,33,29,30,21,21,21,21,33,29,33,35,31,22,22,22,22,33,34,30,32,36,23,23,23,23],
    "vertices":[-62.4377,52.7419,-4.44271,-53.1968,65.4527,1.68884,-26.4986,79.4047,9.16496,-63.0952,53.1633,-6.33225,-54.2207,66.646,-0.740943,-27.336,81.3105,5.27952,-61.736,52.5843,-11.8667,-52.4417,65.9642,-12.2904,-25.6436,79.9456,-12.385,-4.89263,-5.93119,23.1148,-4.78606,0.058019,24.7674,-7.31856,-7.27631,5.22596,-7.6495,6.8924,1.70417,0.195688,-5.96174,24.1404,0.195688,0.426612,24.1404,0.195688,-8.70844,2.35699,0.195688,6.28655,5.01915,62.4377,52.7419,-4.44271,53.1968,65.4527,1.68884,26.4986,79.4047,9.16496,63.0952,53.1633,-6.33225,54.2207,66.646,-0.740943,27.336,81.3105,5.27952,61.736,52.5843,-11.8667,52.4417,65.9642,-12.2904,25.6436,79.9456,-12.385,0,82.2589,11.1698,0,84.9496,6.24926,0,83.0687,-12.3369,4.89263,-5.93119,23.1148,4.78606,0.058019,24.7674,7.31856,-7.27631,5.22596,7.6495,6.8924,1.70417,-0.195688,-5.96174,24.1404,-0.195688,0.426612,24.1404,-0.195688,-8.70844,2.35699,-0.195688,6.28655,5.01915],
    "metadata":{
        "type":"Geometry",
        "normals":24,
        "version":3,
        "uvs":0,
        "vertices":37,
        "faces":24,
        "generator":"io_three"
    }
}